<?xml version="1.0" encoding="UTF-8"?>
<project-private xmlns="http://www.netbeans.org/ns/project-private/1">
    <editor-bookmarks xmlns="http://www.netbeans.org/ns/editor-bookmarks/2" lastBookmarkId="0"/>
    <open-files xmlns="http://www.netbeans.org/ns/projectui-open-files/2">
        <group>
            <file>file:/C:/Users/Acer/Documents/XAMPP/htdocs/online_shop_entry/db_connection.php</file>
            <file>file:/C:/Users/Acer/Documents/XAMPP/htdocs/online_shop_entry/add_product.php</file>
            <file>file:/C:/Users/Acer/Documents/XAMPP/htdocs/online_shop_entry/product_list.php</file>
            <file>file:/C:/Users/Acer/Documents/XAMPP/htdocs/online_shop_entry/remove_sell_product.php</file>
        </group>
    </open-files>
</project-private>
